{
  "ADE": 10.078559875488281,
  "FDE": 27.603912353515625,
  "MAE": 5.114774227142334,
  "RMSE": 9.960539817810059,
  "Velocity_Error": 1.1931214332580566,
  "Acceleration_Error": 0.8843629360198975,
  "Direction_Error_deg": 65.18185424804688,
  "Miss_Rate_%": 100.0,
  "Longitudinal_Error": 0.1605679839849472,
  "Lateral_Error": 10.06898021697998,
  "Variance_Ratio": 0.2295217514038086,
  "Per_Step_Error": [
    0.016660070046782494,
    0.02745254896581173,
    0.03421119228005409,
    0.08502796292304993,
    0.1303311139345169,
    0.2022385597229004,
    0.2908470928668976,
    0.36846309900283813,
    0.4608583152294159,
    0.534103512763977,
    5.589714527130127,
    8.268061637878418,
    9.057948112487793,
    10.688344955444336,
    12.28977108001709,
    13.489986419677734,
    14.558680534362793,
    16.2456111907959,
    17.782264709472656,
    19.82030487060547,
    20.680103302001953,
    23.405771255493164,
    24.702573776245117,
    25.630706787109375,
    27.60390281677246
  ]
}