{
  "ADE": 1.3449066877365112,
  "FDE": 3.329174041748047,
  "MAE": 0.7805386781692505,
  "RMSE": 1.6200319528579712,
  "Velocity_Error": 0.22830213606357574,
  "Acceleration_Error": 0.11853867024183273,
  "Direction_Error_deg": 1.9568911790847778,
  "Miss_Rate_%": 60.57224025974026,
  "Longitudinal_Error": 1.2082505226135254,
  "Lateral_Error": 0.35282689332962036,
  "Variance_Ratio": 0.9806757569313049,
  "Per_Step_Error": [
    0.03930282965302467,
    0.10173647105693817,
    0.10872569680213928,
    0.1695689707994461,
    0.2734818160533905,
    0.40348121523857117,
    0.5549300312995911,
    0.708580493927002,
    0.8812357187271118,
    1.0696220397949219,
    1.2641685009002686,
    1.4682649374008179,
    1.680577278137207,
    1.8965489864349365,
    2.1200222969055176,
    2.3486838340759277,
    2.5823850631713867,
    2.823791027069092,
    3.0738306045532227,
    3.329150438308716
  ]
}