{
  "train_loss": [
    0.090251444089045,
    0.23912930774165136,
    0.655137422673329,
    1.1219705454521365,
    1.5343785438724238,
    1.9111807827997689
  ],
  "val_ADE": [
    4.071647644042969,
    2.059201955795288,
    1.5236163139343262,
    1.399794578552246,
    1.3785209655761719,
    1.3449066877365112
  ],
  "val_loss": [
    30.117986999720895,
    8.963310615152851,
    5.218768753702679,
    4.736362623101877,
    4.564652748094149,
    4.389191806230366
  ]
}