{
  "ADE": 1.3576865196228027,
  "FDE": 3.3116769790649414,
  "MAE": 0.7979544997215271,
  "RMSE": 1.5885502099990845,
  "Velocity_Error": 0.2219737470149994,
  "Acceleration_Error": 0.07812873274087906,
  "Direction_Error_deg": 2.433335781097412,
  "Miss_Rate_%": 61.205808080808076,
  "Longitudinal_Error": 1.2017323970794678,
  "Lateral_Error": 0.39417657256126404,
  "Variance_Ratio": 0.9877674579620361,
  "Per_Step_Error": [
    0.10174807161092758,
    0.145313560962677,
    0.1870388239622116,
    0.23949246108531952,
    0.32218316197395325,
    0.4409990906715393,
    0.5784462690353394,
    0.7297682762145996,
    0.895609974861145,
    1.0728815793991089,
    1.2601497173309326,
    1.4591996669769287,
    1.6656121015548706,
    1.8816932439804077,
    2.1039066314697266,
    2.331655502319336,
    2.565434217453003,
    2.805363178253174,
    3.055574893951416,
    3.31166672706604
  ]
}