{
  "train_loss": [
    0.7347529779139954,
    0.25883655876464184,
    0.6908868721338234,
    1.0750726500114838,
    1.4218658866336593,
    1.7473588266112932
  ],
  "val_ADE": [
    2.045518636703491,
    1.7606950998306274,
    1.6711175441741943,
    1.432474136352539,
    1.4087493419647217,
    1.3576865196228027
  ],
  "val_loss": [
    8.023159468672837,
    6.128560142943697,
    5.5078766258248,
    4.548783218791819,
    4.448700682167367,
    4.219495007744083
  ]
}